,Identifier,SEDOL,PriceDate,Close,Close_crawler,Pricedate_crawler
0,BA.N,2108601,7/11/2019 0:00,359.0,359.00,07/14/2019 18:27
1,UTX.N,2915500,7/11/2019 0:00,131.34,131.34,07/14/2019 18:27
2,LMT.N,2522096,7/11/2019 0:00,368.23,368.23,07/14/2019 18:27
3,AIR.PA,4012250,7/11/2019 0:00,125.98,125.98,07/14/2019 18:27
4,NOC.N,2648806,7/11/2019 0:00,324.93,324.93,07/14/2019 18:27
5,GD.N,2365161,7/11/2019 0:00,183.6,183.60,07/14/2019 18:27
6,RTN.N,2758051,7/11/2019 0:00,178.08,178.08,07/14/2019 18:27
7,SAF.PA,B058TZ6,7/11/2019 0:00,127.7,127.70,07/14/2019 18:27
8,TDG.N,B11FJK3,7/11/2019 0:00,492.23,492.23,07/14/2019 18:27
9,LHX.N,BK9DTN5,7/11/2019 0:00,194.45,194.45,07/14/2019 18:27
10,RR.L,B63H849,7/11/2019 0:00,8.436,843.60,07/14/2019 18:27
11,BAES.L,0263494,7/11/2019 0:00,4.933,493.30,07/14/2019 18:27
12,MTXGn.DE,B09DHL9,7/11/2019 0:00,214.6,214.60,07/14/2019 18:27
13,TCFP.PA,4162791,7/11/2019 0:00,103.45,103.45,07/14/2019 18:27
14,TXT.N,2885937,7/11/2019 0:00,52.52,52.52,07/14/2019 18:27
15,LDOS.N,BDV82B8,7/11/2019 0:00,81.94,81.94,07/14/2019 18:27
16,HII.N,B40SSC9,7/11/2019 0:00,232.71,232.71,07/14/2019 18:27
17,SPR.N,B1HMMS7,7/11/2019 0:00,75.16,75.16,07/14/2019 18:27
18,FLIR.OQ,2344717,7/11/2019 0:00,53.7,53.70,07/14/2019 18:27
19,CAE.TO,2162760,7/11/2019 0:00,35.49,35.49,07/14/2019 18:27
20,HXL.N,2416779,7/11/2019 0:00,80.55,80.55,07/14/2019 18:27
21,WWD.O,2948089,7/11/2019 0:00,113.64,113.64,07/14/2019 18:27
22,SESFd.PA,B00ZQQ2,7/11/2019 0:00,13.595,13.60,07/14/2019 18:27
23,HEI.N,2419217,7/11/2019 0:00,136.13,136.13,07/14/2019 18:27
24,CW.N,2241205,7/11/2019 0:00,125.16,125.16,07/14/2019 18:27
25,RHMG.DE,5334588,7/11/2019 0:00,103.3,103.30,07/14/2019 18:27
26,MGGT.L,0575809,7/11/2019 0:00,5.417999999999999,541.80,07/14/2019 18:27
27,LDOF.MI,B0DJNG0,7/11/2019 0:00,11.435,11.44,07/14/2019 18:27
28,STEG.SI,6043214,7/11/2019 0:00,4.27,4.27,07/14/2019 18:27
29,VSAT.O,2946243,7/11/2019 0:00,83.38,83.38,07/14/2019 18:27
30,SAIC.N,BDTZZG7,7/11/2019 0:00,86.51,86.51,07/14/2019 18:27
31,MRCY.O,2144047,7/11/2019 0:00,71.86,71.86,07/14/2019 18:27
32,ESLT.TA,6308913,7/11/2019 0:00,550.0,55000.00,07/14/2019 18:27
33,ERJ.N,2611916,7/11/2019 0:00,20.52,20.52,07/14/2019 18:27
34,BBDb.TO,2109723,7/11/2019 0:00,2.2,2.20,07/14/2019 18:27
35,KBR.N,B1HHB18,7/11/2019 0:00,25.05,25.05,07/14/2019 18:27
36,ETL.PA,B0M7KJ7,7/11/2019 0:00,17.135,17.14,07/14/2019 18:27
37,AJRD.N,BWD7PX9,7/11/2019 0:00,45.83,45.83,07/14/2019 18:27
38,AVMD.PA,4067164,7/11/2019 0:00,1168.0,1168.00,07/14/2019 18:27
39,COB.L,B07KD36,7/11/2019 0:00,1.1565,115.65,07/14/2019 18:27
40,ISA.L,B09LSH6,7/11/2019 0:00,5.584,558.40,07/14/2019 18:27
41,MOGa.N,2601218,7/11/2019 0:00,92.51,92.51,07/14/2019 18:27
42,BAB.L,0969703,7/11/2019 0:00,4.28,428.00,07/14/2019 18:27
43,SAABb.ST,5469554,7/11/2019 0:00,307.1,307.10,07/14/2019 18:27
44,IRDM.O,B2QH310,7/11/2019 0:00,24.42,24.42,07/14/2019 18:27
45,047810.KS,B3N3363,7/11/2019 0:00,34100.0,34100.00,07/14/2019 18:27
46,SATS.O,B2NC471,7/11/2019 0:00,46.19,46.19,07/14/2019 18:27
47,KTOS.O,2512149,7/11/2019 0:00,24.01,24.01,07/14/2019 18:27
48,QQ.L,B0WMWD0,7/11/2019 0:00,2.78,278.00,07/14/2019 18:27
49,MANT.O,2825308,7/11/2019 0:00,65.37,65.37,07/14/2019 18:27
50,BAJE.BO,BF1THH6,7/11/2019 0:00,106.75,106.75,07/14/2019 18:27
51,I.N,B8CP440,7/11/2019 0:00,20.43,20.43,07/14/2019 18:27
52,ULE.L,0912332,7/11/2019 0:00,17.26,1726.00,07/14/2019 18:27
53,2357.HK,6707899,7/11/2019 0:00,4.41,4.41,07/14/2019 18:27
54,AVAV.O,B1P5YY8,7/11/2019 0:00,55.37,55.37,07/14/2019 18:27
55,KOG.OL,5208241,7/11/2019 0:00,118.8,118.80,07/14/2019 18:27
56,SNR.L,0795823,7/11/2019 0:00,2.176,217.60,07/14/2019 18:27
57,TGI.N,2893071,7/11/2019 0:00,23.1,23.10,07/14/2019 18:27
58,LIN.N,BZ12WP8,7/11/2019 0:00,202.81,202.81,07/14/2019 18:27
59,ANSS.O,2045623,7/11/2019 0:00,211.3,211.30,07/14/2019 18:27
60,3402.T,6897143,7/11/2019 0:00,770.1,770,07/14/2019 18:27
61,SKFb.ST,B1Q3J35,7/11/2019 0:00,154.0,154.00,07/14/2019 18:27
62,ROLL.O,B0GLYB5,7/11/2019 0:00,162.58,162.58,07/14/2019 18:27
63,AKZO.AS,5458314,7/11/2019 0:00,82.45,82.45,07/14/2019 18:27
64,SOLB.BR,4821100,7/11/2019 0:00,86.72,86.72,07/14/2019 18:27
65,ATI.N,2526117,7/11/2019 0:00,23.96,23.96,07/14/2019 18:27
66,GRMN.O,B3Z5T14,7/11/2019 0:00,78.99,78.99,07/14/2019 18:27
67,CAPP.PA,4163437,7/11/2019 0:00,113.65,113.65,07/14/2019 18:27
68,SWKS.O,2961053,7/11/2019 0:00,79.18,79.18,07/14/2019 18:27
69,ALU.AX,6167697,7/11/2019 0:00,36.76,36.76,07/14/2019 18:27
70,NATI.O,2645078,7/11/2019 0:00,42.57,42.57,07/14/2019 18:27
71,RPD.OQ,BZ22CY6,7/11/2019 0:00,62.71,62.71,07/14/2019 18:27
72,RS.N,2729068,7/11/2019 0:00,90.81,90.81,07/14/2019 18:27
73,VIAV.O,BYXB201,7/11/2019 0:00,14.34,14.34,07/14/2019 18:27
74,BOY.L,B3FLWH9,7/11/2019 0:00,7.5950003,759.50,07/14/2019 18:27
75,LEG.N,2510682,7/11/2019 0:00,37.84,37.84,07/14/2019 18:27
76,SOPR.PA,5633616,7/11/2019 0:00,101.5,101.50,07/14/2019 18:27
77,OSIS.O,2111579,7/11/2019 0:00,113.62,113.62,07/14/2019 18:27
78,CSTM.N,B9B3DX4,7/11/2019 0:00,10.27,10.27,07/14/2019 18:27
79,KALU.O,B15CJ33,7/11/2019 0:00,93.03,93.03,07/14/2019 18:27
80,3401.T,6880507,7/11/2019 0:00,1836.0,1836,07/14/2019 18:27
81,NPO.N,2951292,7/11/2019 0:00,60.9,60.90,07/14/2019 18:27
82,PRGS.O,2705198,7/11/2019 0:00,41.33,41.33,07/14/2019 18:27
83,TRS.O,B1XHRL4,7/11/2019 0:00,30.72,30.72,07/14/2019 18:27
84,TTMI.OQ,2635659,7/11/2019 0:00,9.54,9.54,07/14/2019 18:27
85,CCC.L,BV9FP30,7/11/2019 0:00,13.44,1344.00,07/14/2019 18:27
86,PLUS.O,2597748,7/11/2019 0:00,72.71,72.71,07/14/2019 18:27
87,AIXGn.DE,5468346,7/11/2019 0:00,7.544,7.54,07/14/2019 18:27
88,AMG.AS,B1Z95S1,7/11/2019 0:00,26.32,26.32,07/14/2019 18:27
89,PVTL.N,BZ197M1,7/11/2019 0:00,10.81,10.81,07/14/2019 18:27
90,DAL.N,B1W9D46,7/11/2019 0:00,60.16,60.16,07/14/2019 18:27
91,UBER.N,BK6N347,7/11/2019 0:00,43.99,43.99,07/14/2019 18:27
92,LUV.N,2831543,7/11/2019 0:00,51.84,51.84,07/14/2019 18:27
93,9020.T,6298542,7/11/2019 0:00,10240.0,10240,07/14/2019 18:27
94,9022.T,6183552,7/11/2019 0:00,21840.0,21840,07/14/2019 18:27
95,UAL.OQ,B4QG225,7/11/2019 0:00,89.48,89.48,07/14/2019 18:27
96,AAL.OQ,BCV7KT2,7/11/2019 0:00,33.03,33.03,07/14/2019 18:27
97,LYFT.OQ,BJT1RW7,7/11/2019 0:00,61.85,61.85,07/14/2019 18:27
98,9021.T,6957995,7/11/2019 0:00,8883.0,8883,07/14/2019 18:27
99,0066.HK,6290054,7/11/2019 0:00,54.2,54.20,07/14/2019 18:27
100,9201.T,B8BRV46,7/11/2019 0:00,3468.0,3468,07/14/2019 18:27
101,9202.T,6014908,7/11/2019 0:00,3658.0,3658,07/14/2019 18:27
102,ICAG.L,B5M6XQ7,7/11/2019 0:00,4.5089999999999995,450.90,07/14/2019 18:27
103,LHAG.DE,5287488,7/11/2019 0:00,14.915,14.91,07/14/2019 18:27
104,AC.TO,BSDHYK1,7/11/2019 0:00,41.88,41.88,07/14/2019 18:27
105,9042.T,6408664,7/11/2019 0:00,3860.0,3860,07/14/2019 18:27
106,ALK.N,2012605,7/11/2019 0:00,63.31,63.31,07/14/2019 18:27
107,9041.T,6492968,7/11/2019 0:00,5250.0,5250,07/14/2019 18:27
108,9007.T,6656106,7/11/2019 0:00,2580.0,2580,07/14/2019 18:27
109,QAN.AX,6710347,7/11/2019 0:00,5.71,5.71,07/14/2019 18:27
110,9008.T,6487362,7/11/2019 0:00,7130.0,7130,07/14/2019 18:27
111,JBLU.OQ,2852760,7/11/2019 0:00,18.69,18.69,07/14/2019 18:27
112,9001.T,6895169,7/11/2019 0:00,3155.0,3155,07/14/2019 18:27
113,9048.T,6619864,7/11/2019 0:00,3025.0,3025,07/14/2019 18:27
114,9009.T,6487425,7/11/2019 0:00,4040.0,4040,07/14/2019 18:27
115,9142.T,BD2BST6,7/11/2019 0:00,3165.0,3165,07/14/2019 18:27
116,CMDG.SI,6603737,7/11/2019 0:00,2.8,2.80,07/14/2019 18:27
117,9045.T,6487232,7/11/2019 0:00,4615.0,4615,07/14/2019 18:27
118,SIAL.SI,6811734,7/11/2019 0:00,9.45,9.45,07/14/2019 18:27
119,9024.T,BKY6H35,7/11/2019 0:00,1807.0,1807,07/14/2019 18:27
120,SAVE.N,B3ZG8F4,7/11/2019 0:00,52.22,52.22,07/14/2019 18:27
121,9006.T,6487306,7/11/2019 0:00,1868.0,1868,07/14/2019 18:27
122,EZJ.L,B7KR2P8,7/11/2019 0:00,9.644,964.40,07/14/2019 18:27
123,SKYW.OQ,2814210,7/11/2019 0:00,60.4,60.40,07/14/2019 18:27
124,7203.T,6900643,7/11/2019 0:00,6865.0,6865,07/14/2019 18:27
125,DAIGn.DE,5529027,7/11/2019 0:00,46.65,46.65,07/14/2019 18:27
126,GM.N,B665KZ5,7/11/2019 0:00,38.43,38.43,07/14/2019 18:27
127,F.N,2615468,7/11/2019 0:00,10.19,10.19,07/14/2019 18:27
128,7267.T,6435145,7/11/2019 0:00,2844.0,2844,07/14/2019 18:27
129,VOWG_p.F,5497168,7/11/2019 0:00,151.94,151.90,07/14/2019 18:27
130,ORLY.OQ,B65LWX6,7/11/2019 0:00,393.47,393.47,07/14/2019 18:27
131,AZO.N,2065955,7/11/2019 0:00,1148.91,1148.91,07/14/2019 18:27
132,TSLA.OQ,B616C79,7/11/2019 0:00,238.6,238.60,07/14/2019 18:27
133,CMI.N,2240202,7/11/2019 0:00,168.86,168.86,07/14/2019 18:27
134,PCAR.OQ,2665861,7/11/2019 0:00,70.78,70.78,07/14/2019 18:27
135,BMWG.DE,5756029,7/11/2019 0:00,65.24,65.24,07/14/2019 18:27
136,VOLVb.ST,B1QH830,7/11/2019 0:00,144.75,144.75,07/14/2019 18:27
137,5108.T,6132101,7/11/2019 0:00,4230.0,4230,07/14/2019 18:27
138,MICP.PA,4588364,7/11/2019 0:00,108.35,108.35,07/14/2019 18:27
139,APTV.N,B783TY6,7/11/2019 0:00,77.72,77.72,07/14/2019 18:27
140,RACE.MI,BD6G507,7/11/2019 0:00,147.85,147.85,07/14/2019 18:27
141,6902.T,6640381,7/11/2019 0:00,4602.0,4602,07/14/2019 18:27
142,005380.KS,6451055,7/11/2019 0:00,139000.0,139000.00,07/14/2019 18:27
143,CONG.DE,4598589,7/11/2019 0:00,115.22,115.22,07/14/2019 18:27
144,FCHA.MI,BRJFWP3,7/11/2019 0:00,12.335999999999999,12.34,07/14/2019 18:27
145,7269.T,6865504,7/11/2019 0:00,4590.0,4590,07/14/2019 18:27
146,7201.T,6642860,7/11/2019 0:00,776.3,776,07/14/2019 18:27
147,MG.TO,2554475,7/11/2019 0:00,60.97,60.97,07/14/2019 18:27
148,CPRT.OQ,2208073,7/11/2019 0:00,76.79,76.79,07/14/2019 18:27
149,GPC.N,2367480,7/11/2019 0:00,103.9,103.90,07/14/2019 18:27
150,KMX.N,2983563,7/11/2019 0:00,88.77,88.77,07/14/2019 18:27
151,7270.T,6356406,7/11/2019 0:00,2747.0,2747,07/14/2019 18:27
152,PEUP.PA,7103526,7/11/2019 0:00,21.62,21.62,07/14/2019 18:27
153,JARD.SI,6472119,7/11/2019 0:00,63.71,63.71,07/14/2019 18:27
154,012330.KS,6449544,7/11/2019 0:00,231500.0,231500.00,07/14/2019 18:27
155,MRTI.NS,6633712,7/11/2019 0:00,6025.55,6031.20,07/14/2019 18:27
156,RENA.PA,4712798,7/11/2019 0:00,51.52,51.52,07/14/2019 18:27
157,AAP.N,2822019,7/11/2019 0:00,156.29,156.29,07/14/2019 18:27
158,WAB.N,2955733,7/11/2019 0:00,69.8,69.80,07/14/2019 18:27
159,000270.KS,6490928,7/11/2019 0:00,42850.0,42850.00,07/14/2019 18:27
160,MAHM.BO,6100186,7/11/2019 0:00,633.65,633.65,07/14/2019 18:27
161,5802.T,6858708,7/11/2019 0:00,1418.0,1418,07/14/2019 18:27
162,LEA.N,B570P91,7/11/2019 0:00,131.43,131.43,07/14/2019 18:27
163,BWA.N,2111955,7/11/2019 0:00,39.02,39.02,07/14/2019 18:27
164,0175.HK,6531827,7/11/2019 0:00,11.82,11.82,07/14/2019 18:27
165,LKQ.OQ,2971029,7/11/2019 0:00,26.24,26.24,07/14/2019 18:27
166,VLOF.PA,BDC5ST8,7/11/2019 0:00,24.66,24.66,07/14/2019 18:27
167,ALSO.PA,B0DJ8Q5,7/11/2019 0:00,42.16,42.16,07/14/2019 18:27
168,WBC.N,B23CNQ3,7/11/2019 0:00,132.54,132.54,07/14/2019 18:27
169,WRT1V.HE,4525189,7/11/2019 0:00,12.05,12.05,07/14/2019 18:27
170,GNTX.OQ,2366799,7/11/2019 0:00,23.53,23.53,07/14/2019 18:27
171,ALV.N,2064253,7/11/2019 0:00,66.16,66.16,07/14/2019 18:27
172,CDK.OQ,BQXTWQ5,7/11/2019 0:00,49.87,49.87,07/14/2019 18:27
173,RENT3.SA,B08K3S0,7/11/2019 0:00,43.11,43.11,07/14/2019 18:27
174,7202.T,6467104,7/11/2019 0:00,1221.0,1221,07/14/2019 18:27
175,HOG.N,2411053,7/11/2019 0:00,36.1,36.10,07/14/2019 18:27
176,7261.T,6900308,7/11/2019 0:00,1115.5,1116,07/14/2019 18:27
177,ALSN.N,B4PZ892,7/11/2019 0:00,45.43,45.43,07/14/2019 18:27
178,KBX.DE,BD2P9X9,7/11/2019 0:00,93.2,93.20,07/14/2019 18:27
179,BAJA.BO,B2QKXW0,7/11/2019 0:00,2711.65,2711.65,07/14/2019 18:27
180,7276.T,6496324,7/11/2019 0:00,5870.0,5870,07/14/2019 18:27
181,HROM.BO,6327327,7/11/2019 0:00,2507.25,2507.25,07/14/2019 18:27
182,7259.T,6010702,7/11/2019 0:00,3690.0,3690,07/14/2019 18:27
183,7272.T,6985264,7/11/2019 0:00,1893.0,1893,07/14/2019 18:27
184,BVTJ.J,6100089,7/11/2019 0:00,192.83,19283.00,07/14/2019 18:27
185,TAMO.NS,B611LV1,7/11/2019 0:00,156.9,156.80,07/14/2019 18:27
186,1211.HK,6536651,7/11/2019 0:00,47.6,47.60,07/14/2019 18:27
187,2207.TW,6417165,7/11/2019 0:00,497.0,497.00,07/14/2019 18:27
188,BC.N,2149309,7/11/2019 0:00,44.64,44.64,07/14/2019 18:27
189,009540.KS,6446620,7/11/2019 0:00,114500.0,114500.00,07/14/2019 18:27
190,EICH.BO,6099819,7/11/2019 0:00,19028.05,19028.10,07/14/2019 18:27
191,TYRES.HE,B07G378,7/11/2019 0:00,27.68,27.68,07/14/2019 18:27
192,1766.HK,B2R2ZC9,7/11/2019 0:00,6.39,6.39,07/14/2019 18:27
193,GT.OQ,2378200,7/11/2019 0:00,14.6,14.60,07/14/2019 18:27
194,EPED.PA,4400446,7/11/2019 0:00,36.17,36.17,07/14/2019 18:27
195,KAR.N,B4Y1MH7,7/11/2019 0:00,24.68,24.68,07/14/2019 18:27
196,2338.HK,6743956,7/11/2019 0:00,12.14,12.14,07/14/2019 18:27
197,AN.N,2732635,7/11/2019 0:00,41.83,41.83,07/14/2019 18:27
198,1114.HK,6181482,7/11/2019 0:00,9.0,9.00,07/14/2019 18:27
199,6471.T,6641544,7/11/2019 0:00,942.0,942,07/14/2019 18:27
200,THO.N,2889876,7/11/2019 0:00,57.26,57.26,07/14/2019 18:27
201,7211.T,6598446,7/11/2019 0:00,505.0,505,07/14/2019 18:27
202,FOXF.OQ,BCRY5K3,7/11/2019 0:00,79.66,79.66,07/14/2019 18:27
203,INCH.L,B61TVQ0,7/11/2019 0:00,5.9700003,597.00,07/14/2019 18:27
204,UHAL.OQ,2028174,7/11/2019 0:00,376.69,376.69,07/14/2019 18:27
205,2238.HK,B433995,7/11/2019 0:00,7.96,7.96,07/14/2019 18:27
206,6923.T,6841106,7/11/2019 0:00,2668.0,2668,07/14/2019 18:27
207,3898.HK,B1L3XL6,7/11/2019 0:00,40.1,40.10,07/14/2019 18:27
208,5334.T,6619604,7/11/2019 0:00,1941.0,1941,07/14/2019 18:27
209,2105.TW,6190228,7/11/2019 0:00,40.4,40.40,07/14/2019 18:27
210,PIRC.MI,BZ5ZHK3,7/11/2019 0:00,5.516,5.52,07/14/2019 18:27
211,UNP.N,2914734,7/11/2019 0:00,171.75,171.75,07/14/2019 18:27
212,UPS.N,2517382,7/11/2019 0:00,103.33,103.33,07/14/2019 18:27
213,CNR.TO,2180632,7/11/2019 0:00,122.16,122.16,07/14/2019 18:27
214,CSX.OQ,2160753,7/11/2019 0:00,77.25,77.25,07/14/2019 18:27
215,NSC.N,2641894,7/11/2019 0:00,201.5,201.50,07/14/2019 18:27
216,FDX.N,2142784,7/11/2019 0:00,162.6,162.60,07/14/2019 18:27
217,AMA.MC,B3MSM28,7/11/2019 0:00,71.64,71.64,07/14/2019 18:27
218,CP.TO,2793115,7/11/2019 0:00,310.19,310.19,07/14/2019 18:27
219,DPWGn.DE,4617859,7/11/2019 0:00,29.445,29.44,07/14/2019 18:27
220,TCL.AX,6200882,7/11/2019 0:00,15.41,15.41,07/14/2019 18:27
221,DSV.CO,B1WT5G2,7/11/2019 0:00,633.2,.633.20,07/14/2019 18:27
222,AENA.MC,BVRZ8L1,7/11/2019 0:00,171.95,171.95,07/14/2019 18:27
223,BXB.AX,B1FJ0C0,7/11/2019 0:00,12.23,12.23,07/14/2019 18:27
224,EXPD.OQ,2325507,7/11/2019 0:00,72.43,72.43,07/14/2019 18:27
225,SYD.AX,B70DWB2,7/11/2019 0:00,8.1,8.10,07/14/2019 18:27
226,KSU.N,2607647,7/11/2019 0:00,121.13,121.13,07/14/2019 18:27
227,ATL.MI,7667163,7/11/2019 0:00,24.33,24.33,07/14/2019 18:27
228,BIP.N,B2NHY98,7/11/2019 0:00,43.95,43.95,07/14/2019 18:27
229,CHRW.OQ,2116228,7/11/2019 0:00,82.84,82.84,07/14/2019 18:27
230,ODFL.OQ,2656423,7/11/2019 0:00,142.8,142.80,07/14/2019 18:27
231,ZTO.N,BYYDFN0,7/11/2019 0:00,19.8,19.80,07/14/2019 18:27
232,AOT.BK,BDFLHW9,7/11/2019 0:00,73.75,73.75,07/14/2019 18:27
233,MAERSKb.CO,4253048,7/11/2019 0:00,7730.0,.7730.00,07/14/2019 18:27
234,JBHT.OQ,2445416,7/11/2019 0:00,87.76,87.76,07/14/2019 18:27
235,KNIN.S,B142S60,7/11/2019 0:00,143.1,143.10,07/14/2019 18:27
236,AZJ.AX,B87CVM3,7/11/2019 0:00,5.57,5.57,07/14/2019 18:27
237,GETP.PA,B292JQ9,7/11/2019 0:00,13.73,13.73,07/14/2019 18:27
238,AIA.NZ,BKX3XG2,7/11/2019 0:00,9.5,9.50,07/14/2019 18:27
239,SABR.OQ,BLLHH27,7/11/2019 0:00,22.91,22.91,07/14/2019 18:27
240,9064.T,6985565,7/11/2019 0:00,2210.5,2210,07/14/2019 18:27
241,RAIL3.SA,BYXZ2W5,7/11/2019 0:00,21.7,21.70,07/14/2019 18:27
242,ADP.PA,B164FY1,7/11/2019 0:00,159.8,159.80,07/14/2019 18:27
243,GWR.N,2374060,7/11/2019 0:00,109.61,109.61,07/14/2019 18:27
244,XPO.N,B6Z1355,7/11/2019 0:00,55.02,55.02,07/14/2019 18:27
245,APSE.BO,B28XXH2,7/11/2019 0:00,412.8,412.80,07/14/2019 18:27
246,9143.T,BFFY885,7/11/2019 0:00,3020.0,3020,07/14/2019 18:27
247,LSTR.OQ,2503994,7/11/2019 0:00,104.89,104.89,07/14/2019 18:27
248,KNX.N,BF0LKD0,7/11/2019 0:00,31.49,31.49,07/14/2019 18:27
249,CCRO3.SA,2840970,7/11/2019 0:00,14.65,14.65,07/14/2019 18:27
250,9062.T,6642127,7/11/2019 0:00,5790.0,5790,07/14/2019 18:27
251,GAPB.MX,B0ZV104,7/11/2019 0:00,200.67,200.67,07/14/2019 18:27
252,BBA.L,B1FP891,7/11/2019 0:00,2.802,280.20,07/14/2019 18:27
253,FHZN.S,BYQ8481,7/11/2019 0:00,181.8,181.80,07/14/2019 18:27
254,MIC.N,B1Z4VB1,7/11/2019 0:00,41.84,41.84,07/14/2019 18:27
255,ASURB.MX,2639349,7/11/2019 0:00,310.23,310.23,07/14/2019 18:27
256,FRAG.DE,7107551,7/11/2019 0:00,73.0,73.00,07/14/2019 18:27
257,EFN.TO,B7FNMQ2,7/11/2019 0:00,9.88,9.88,07/14/2019 18:27
258,R.N,2760669,7/11/2019 0:00,54.39,54.39,07/14/2019 18:27
259,QUB.AX,B1L4BC6,7/11/2019 0:00,3.09,3.09,07/14/2019 18:27
260,9104.T,6597584,7/11/2019 0:00,2667.0,2667,07/14/2019 18:27
261,RMG.L,BDVZYZ7,7/11/2019 0:00,2.1319999999999997,213.20,07/14/2019 18:27
262,MSFT.OQ,2588173,7/11/2019 0:00,138.4,138.40,07/14/2019 18:27
263,GOOGL.O,BYVY8G0,7/11/2019 0:00,1144.08,1144.08,07/14/2019 18:27
264,CSCO.OQ,2198163,7/11/2019 0:00,57.3,57.30,07/14/2019 18:27
265,005930.KS,6771720,7/11/2019 0:00,46200.0,46200.00,07/14/2019 18:27
266,IBM.N,2005973,7/11/2019 0:00,141.24,141.24,07/14/2019 18:27
267,NVDA.OQ,2379504,7/11/2019 0:00,166.28,166.28,07/14/2019 18:27
268,ADSK.OQ,2065159,7/11/2019 0:00,173.33,173.33,07/14/2019 18:27
269,HPQ.N,BYX4D52,7/11/2019 0:00,20.85,20.85,07/14/2019 18:27
270,NXPI.OQ,B505PN7,7/11/2019 0:00,94.12,94.12,07/14/2019 18:27
271,IFXGn.DE,5889505,7/11/2019 0:00,15.925999999999998,15.93,07/14/2019 18:27
272,DAST.PA,5330047,7/11/2019 0:00,140.3,140.30,07/14/2019 18:27
273,HPE.N,BYVYWS0,7/11/2019 0:00,14.6,14.60,07/14/2019 18:27
274,WLSNc.AS,5671519,7/11/2019 0:00,63.96,63.96,07/14/2019 18:27
275,6752.T,6572707,7/11/2019 0:00,925.0,925,07/14/2019 18:27
276,ANSS.OQ,2045623,7/11/2019 0:00,211.3,211.30,07/14/2019 18:27
277,MRVL.OQ,2594653,7/11/2019 0:00,24.89,24.89,07/14/2019 18:27
278,TEAM.OQ,BZ09BD1,7/11/2019 0:00,140.9,140.90,07/14/2019 18:27
279,6702.T,6356945,7/11/2019 0:00,7758.0,7758,07/14/2019 18:27
280,TRMB.OQ,2903958,7/11/2019 0:00,43.91,43.91,07/14/2019 18:27
281,OTEX.TO,2260824,7/11/2019 0:00,56.03,56.03,07/14/2019 18:27
282,GRMN.OQ,B3Z5T14,7/11/2019 0:00,78.99,78.99,07/14/2019 18:27
283,CY.O,2244549,7/11/2019 0:00,22.44,22.44,07/14/2019 18:27
284,ATOS.PA,5654781,7/11/2019 0:00,76.98,76.98,07/14/2019 18:27
285,COUP.O,BD87XR1,7/11/2019 0:00,135.14,135.14,07/14/2019 18:27
286,AUTOA.L,BVYVFW2,7/11/2019 0:00,5.572,557.20,07/14/2019 18:27
287,018260.KS,BRS2KY0,7/11/2019 0:00,214500.0,214500.00,07/14/2019 18:27
288,NATI.OQ,2645078,7/11/2019 0:00,42.57,42.57,07/14/2019 18:27
289,AYX.N,BYWMQJ2,7/11/2019 0:00,114.51,114.51,07/14/2019 18:27
290,FLEX.OQ,2353058,7/11/2019 0:00,9.58,9.58,07/14/2019 18:27
291,NUAN.OQ,2402121,7/11/2019 0:00,16.25,16.25,07/14/2019 18:27
292,BB.TO,BCBHZ31,7/11/2019 0:00,9.27,9.27,07/14/2019 18:27
293,V.N,B2PZN04,7/11/2019 0:00,180.74,180.74,07/14/2019 18:27
294,MA.N,B121557,7/11/2019 0:00,278.32,278.32,07/14/2019 18:27
295,PYPL.OQ,BYW36M8,7/11/2019 0:00,120.65,120.65,07/14/2019 18:27
296,AXP.N,2026082,7/11/2019 0:00,127.28,127.28,07/14/2019 18:27
297,SPGI.N,BYV2325,7/11/2019 0:00,238.44,238.44,07/14/2019 18:27
298,COF.N,2654461,7/11/2019 0:00,90.71,90.71,07/14/2019 18:27
299,FIS.N,2769796,7/11/2019 0:00,127.82,127.82,07/14/2019 18:27
300,WP.N,BF8D8T0,7/11/2019 0:00,129.27,129.27,07/14/2019 18:27
301,FISV.OQ,2342034,7/11/2019 0:00,93.69,93.69,07/14/2019 18:27
302,TRI.TO,BFXPTB0,7/11/2019 0:00,87.27,87.27,07/14/2019 18:27
303,DFS.N,B1YLC43,7/11/2019 0:00,80.59,80.59,07/14/2019 18:27
304,GPN.N,2712013,7/11/2019 0:00,164.13,164.13,07/14/2019 18:27
305,FLT.N,B4R28B3,7/11/2019 0:00,293.39,293.39,07/14/2019 18:27
306,SYF.N,BP96PS6,7/11/2019 0:00,35.64,35.64,07/14/2019 18:27
307,ADYEN.AS,BZ1HM42,7/11/2019 0:00,677.0,677.00,07/14/2019 18:27
308,TSS.N,2897697,7/11/2019 0:00,132.06,132.06,07/14/2019 18:27
309,WDIG.DE,7508927,7/11/2019 0:00,146.3,146.30,07/14/2019 18:27
310,MSCI.N,B2972D2,7/11/2019 0:00,240.28,240.28,07/14/2019 18:27
311,FDC.N,BYX3ZN1,7/11/2019 0:00,27.72,27.72,07/14/2019 18:27
312,SSNC.OQ,B58YSC6,7/11/2019 0:00,58.39,58.39,07/14/2019 18:27
313,WLN.PA,BNFWR44,7/11/2019 0:00,63.1,63.10,07/14/2019 18:27
314,TEMN.S,7147892,7/11/2019 0:00,175.0,175.00,07/14/2019 18:27
315,EDEN.PA,B62G1B5,7/11/2019 0:00,44.72,44.72,07/14/2019 18:27
316,4307.T,6390921,7/11/2019 0:00,1789.0,1789,07/14/2019 18:27
317,ZBRA.OQ,2989356,7/11/2019 0:00,195.01,195.01,07/14/2019 18:27
318,FDS.N,2329770,7/11/2019 0:00,294.47,294.47,07/14/2019 18:27
319,JKHY.OQ,2469193,7/11/2019 0:00,138.89,138.89,07/14/2019 18:27
320,FICO.N,2330299,7/11/2019 0:00,345.74,345.74,07/14/2019 18:27
321,BKI.N,BDG75V1,7/11/2019 0:00,61.89,61.89,07/14/2019 18:27
322,WEX.N,B8383P2,7/11/2019 0:00,216.5,216.50,07/14/2019 18:27
323,EEFT.OQ,2320148,7/11/2019 0:00,169.36,169.36,07/14/2019 18:27
324,GWRE.N,B7JYSG3,7/11/2019 0:00,101.36,101.36,07/14/2019 18:27
325,ADS.N,2762030,7/11/2019 0:00,147.97,147.97,07/14/2019 18:27
326,Z.OQ,BYXJF62,7/11/2019 0:00,49.01,49.01,07/14/2019 18:27
327,PAGS.N,BFWK4R7,7/11/2019 0:00,42.93,42.93,07/14/2019 18:27
328,MORN.OQ,B081VR8,7/11/2019 0:00,151.01,151.01,07/14/2019 18:27
329,RMV.L,BGDT3G2,7/11/2019 0:00,5.273,527.30,07/14/2019 18:27
330,XRO.AX,B8P4LP4,7/11/2019 0:00,63.96,63.96,07/14/2019 18:27
331,G24n.DE,BYT9340,7/11/2019 0:00,49.06,49.06,07/14/2019 18:27
332,INGC.PA,4196897,7/11/2019 0:00,77.12,77.12,07/14/2019 18:27
333,AVLR.N,BZ1NVP4,7/11/2019 0:00,83.84,83.84,07/14/2019 18:27
334,3769.T,B06CMQ9,7/11/2019 0:00,7130.0,7130,07/14/2019 18:27
335,CIEL3.SA,B614LY3,7/11/2019 0:00,7.46,7.46,07/14/2019 18:27
336,STNE.OQ,BGKG6M3,7/11/2019 0:00,34.87,34.87,07/14/2019 18:27
337,ORCL.BO,6528443,7/11/2019 0:00,3283.1,3283.10,07/14/2019 18:27
338,SIM.CO,BBCR9N1,7/11/2019 0:00,615.0,.615.00,07/14/2019 18:27
339,029780.KS,B1WQQ48,7/11/2019 0:00,37300.0,37300.00,07/14/2019 18:27
340,ACIW.OQ,2889155,7/11/2019 0:00,34.35,34.35,07/14/2019 18:27
341,KTC.BK,BF2LWS7,7/11/2019 0:00,41.5,41.50,07/14/2019 18:27
342,8570.T,6037734,7/11/2019 0:00,1785.0,1785,07/14/2019 18:27
343,QTWO.N,BKM4KV0,7/11/2019 0:00,79.81,79.81,07/14/2019 18:27
344,ENV.N,B474ZK7,7/11/2019 0:00,71.08,71.08,07/14/2019 18:27
345,BL.OQ,BD3WZS6,7/11/2019 0:00,49.32,49.32,07/14/2019 18:27
346,MONY.L,B1ZBKY8,7/11/2019 0:00,4.091,409.10,07/14/2019 18:27
347,GDOT.N,B3WNNP3,7/11/2019 0:00,48.64,48.64,07/14/2019 18:27
348,EVTC.N,B7KY3Z6,7/11/2019 0:00,33.15,33.15,07/14/2019 18:27
349,8253.T,6591809,7/11/2019 0:00,1319.0,1319,07/14/2019 18:27
350,WK.N,BSS6HY8,7/11/2019 0:00,61.22,61.22,07/14/2019 18:27
351,EPAY.OQ,2389558,7/11/2019 0:00,42.86,42.86,07/14/2019 18:27
352,ERM.L,688666,7/11/2019 0:00,13.5,1350.00,07/14/2019 18:27
353,CISN.N,BF0BQG5,7/11/2019 0:00,10.98,Not found,07/14/2019 18:27
354,IRE.AX,6297497,7/11/2019 0:00,14.19,14.19,07/14/2019 18:27
355,6588.T,6894887,7/11/2019 0:00,3165.0,3165,07/14/2019 18:27
356,EBIX.OQ,2008400,7/11/2019 0:00,47.7,47.70,07/14/2019 18:27
357,BCOR.OQ,B8L2DV2,7/11/2019 0:00,29.14,29.14,07/14/2019 18:27
358,GBGP.L,687061,7/11/2019 0:00,5.52,552.00,07/14/2019 18:27
359,PFG.L,B1Z4ST8,7/11/2019 0:00,3.9720001000000003,397.20,07/14/2019 18:27
360,DHG.AX,BF17Y13,7/11/2019 0:00,3.14,3.14,07/14/2019 18:27
361,FRST.L,3147777,7/11/2019 0:00,29.5,2950.00,07/14/2019 18:27
362,DAL.MI,B14P8W5,7/11/2019 0:00,16.86,16.86,07/14/2019 18:27
363,CASH.OQ,2420316,7/11/2019 0:00,27.18,27.18,07/14/2019 18:27
364,9928.T,6594358,7/11/2019 0:00,3380.0,3380,07/14/2019 18:27
365,EVOP.OQ,BG5NSM3,7/11/2019 0:00,29.1,29.10,07/14/2019 18:27
366,QIWI.OQ,B8SCPH5,7/11/2019 0:00,20.21,20.21,07/14/2019 18:27
367,8083.HK,6699015,7/11/2019 0:00,0.45,0.45,07/14/2019 18:27
368,6287.T,6777579,7/11/2019 0:00,2720.0,2720,07/14/2019 18:27
369,PAYP.L,B02QND9,7/11/2019 0:00,9.01,901.00,07/14/2019 18:27
370,SPNS.OQ,BFYZGX0,7/11/2019 0:00,16.44,16.44,07/14/2019 18:27
371,BVS.AX,BZBHBM3,7/11/2019 0:00,4.64,4.64,07/14/2019 18:27
372,Z1P.AX,BYVLXJ9,7/11/2019 0:00,3.11,3.11,07/14/2019 18:27
373,034310.KS,6726430,7/11/2019 0:00,20800.0,20800.00,07/14/2019 18:27
374,3994.T,BD5ZWW6,7/11/2019 0:00,3575.0,3575,07/14/2019 18:27
375,3966.T,BYZ6P94,7/11/2019 0:00,2504.0,2504,07/14/2019 18:27
376,PPH.NZ,BYW3KV5,7/11/2019 0:00,3.4,3.40,07/14/2019 18:27
377,CASS.OQ,2086558,7/11/2019 0:00,48.65,48.65,07/14/2019 18:27
378,PAYS.OQ,BJRFDF6,7/11/2019 0:00,16.14,16.14,07/14/2019 18:27
379,2120.T,B1FM483,7/11/2019 0:00,513.0,513,07/14/2019 18:27
380,EML.AX,B7ZGK34,7/11/2019 0:00,3.12,3.12,07/14/2019 18:27
381,HUB.AX,BD4T5X1,7/11/2019 0:00,11.9,11.90,07/14/2019 18:27
382,JT.N,BF17R69,7/11/2019 0:00,3.95,3.95,07/14/2019 18:27
383,DFIN.N,BYND5T7,7/11/2019 0:00,13.81,13.81,07/14/2019 18:27
384,USAT.O,B0Z7XX9,7/11/2019 0:00,7.25,7.25,07/14/2019 18:27
385,IIIV.OQ,BF2G4D1,7/11/2019 0:00,28.97,28.97,07/14/2019 18:27
386,060250.KQ,6434562,7/11/2019 0:00,19550.0,19550.00,07/14/2019 18:27
387,035600.KQ,6665027,7/11/2019 0:00,14350.0,14350.00,07/14/2019 18:27
388,8076.TWO,6714781,7/11/2019 0:00,41.8,41.80,07/14/2019 18:27
389,3836.T,B1M7PY4,7/11/2019 0:00,2049.0,2049,07/14/2019 18:27
390,3611.TWO,B3K3XR7,7/11/2019 0:00,293.0,293.00,07/14/2019 18:27
391,3491.T,BFWVYJ2,7/11/2019 0:00,3940.0,3940,07/14/2019 18:27
392,3630.T,B3DDYJ3,7/11/2019 0:00,3475.0,3475,07/14/2019 18:27
393,063570.KQ,B0X7F35,7/11/2019 0:00,8060.0,8060.00,07/14/2019 18:27
394,UEPS.OQ,B0B0WZ7,7/11/2019 0:00,4.07,4.07,07/14/2019 18:27
