,UserName,EventName,CountryCode,Taxrate,CAInputID,UserId,Identifier,ExDate,EventTypeID,EventCurrencyCode,CountryId,EventAmount,OfferPrice,TermOldShares,TermNewShares,SpunOffStock,SpunOffCash,PriceEx_1,FxEx_1,PayDate,PayDatePrice,PayDatePrice_1,PayDateFx,PayDateFx_1,Franking_percent,Income_percent,WHT,CreatedBy,CreatedDate
0,Tanmay Sidhu,Special Cash Dividend,US,30,2,1,A,5/17/2019,2,101,101,15,,,,,,112,1,5/18/2019,,,,,,,Standard,System,5/17/2019
1,Tanmay Sidhu,Capital Repayment,US,30,3,1,B,5/17/2019,3,101,101,14,,,,,,220,1,5/18/2019,,,,,,,Standard,System,5/17/2019
2,Tanmay Sidhu,Reverse Stock Split,AU,30,6,1,G,5/20/2019,6,5,5,,,300,300,,,112,1,5/21/2019,,,,,,,Custom 1 ,System,5/20/2019
3,Tanmay Sidhu,Reverse Stock Split,AU,14,6,1,G,5/20/2019,6,5,5,,,300,300,,,112,1,5/21/2019,,,,,,,Custom 1 ,System,5/20/2019
4,Sachin Sharma,Cash Dividend,US,30,1,2,A,5/17/2019,1,101,101,10,,,,,,112,1,5/18/2019,,,,,,,Standard,System,5/17/2019
5,Sachin Sharma,Stock Dividend,US,30,4,2,C,5/17/2019,4,101,101,,,300,900,,,112,1,5/18/2019,,,,,,,Standard,System,5/17/2019
6,Sachin Sharma,Stock Split,US,30,5,2,D,5/17/2019,5,101,101,,,300,600,,,112,1,5/18/2019,,,,,,,Standard,System,5/17/2019
