,UserName,EventName,CountryCode,Taxrate,CAInputID,UserId,Identifier,ExDate,EventTypeID,EventCurrencyCode,CountryId,EventAmount,OfferPrice,TermOldShares,TermNewShares,SpunOffStock,SpunOffCash,PriceEx_1,FxEx_1,PayDatePrice,PayDatePrice_1,PayDateFx,PayDateFx_1,Franking_percent,Income_percent,WHT,CreatedBy,CreatedDate
2,Tanmay Sidhu,Reverse Stock Split,AU,30.000000000000000000,6,1,G,2019-05-20,6,5,5,,,300.000000000000000000,300.000000000000000000,,,112.000000000000000000,1.000000000000000000,,,,,,,Custom 1 ,System,2019-05-20
3,Tanmay Sidhu,Reverse Stock Split,AU,14.000000000000000000,6,1,G,2019-05-20,6,5,5,,,300.000000000000000000,300.000000000000000000,,,112.000000000000000000,1.000000000000000000,,,,,,,Custom 1 ,System,2019-05-20
5,Sachin Sharma,Stock Dividend,US,30.000000000000000000,4,2,C,2019-05-17,4,101,101,,,300.000000000000000000,900.000000000000000000,,,112.000000000000000000,1.000000000000000000,,,,,,,Standard,System,2019-05-17
6,Sachin Sharma,Stock Split,US,30.000000000000000000,5,2,D,2019-05-17,5,101,101,,,300.000000000000000000,600.000000000000000000,,,112.000000000000000000,1.000000000000000000,,,,,,,Standard,System,2019-05-17
