12_5/3/2018,0,Cash Dividend
12_5/3/2018,1,Special Cash Dividend
41_5/8/2018,0,Cash Dividend
41_5/8/2018,1,Cash Dividend
482_9/5/2018,0,Cash Dividend
482_9/5/2018,1,Rights Issue
617_4/30/2019,0,Cash Dividend
617_4/30/2019,1,Stock Dividend
625_3/7/2019,0,Cash Dividend
625_3/7/2019,1,Special Cash Dividend
658_2/26/2019,0,Cash Dividend
658_2/26/2019,1,Stock Split
662_8/29/2018,0,Cash Dividend
662_8/29/2018,1,Special Cash Dividend
7_5/2/2018,0,Cash Dividend
7_5/2/2018,1,Cash Dividend
876_5/16/2018,0,Cash Dividend
876_5/16/2018,1,Stock Split
