,Unnamed: 0,CAReqDetailID,CAInputID,ExDate,IdentifierMappingID,EventType,EventCurrency,LocalCurrency,EventAmount,OfferPrice,TermOldShares,TermNewShares,SpunOffStock,SpunOffCash,BuybackShares,PriceExT1,FxExT1,PayDate,PayDatePrice,PayDatePriceT1,PayDateFx,PayDateFxT1,FrankingPercent,IncomePercent,WHTType,REIT,Comments,TaxRate,CombinedPay,CombinedEx
6,6,14,6,3/7/2019,625,Cash Dividend,AU,AU,3.584142857,,,,,,,93.2629974,1.0,,,,,,100.0,20.0,Custom,0,,32.0,,625_3/7/2019
7,7,18,7,9/5/2018,482,Cash Dividend,AU,AU,5.0,,,,,,,12.06,1.0,,,,,,100.0,20.0,Custom,0,,32.0,,482_9/5/2018
11,12,12,2,5/8/2018,41,Cash Dividend,EU,EU,3.5,,,,,,,118.6,1.0,,,,,,,,Standard,1,,2.5,,41_5/8/2018
12,13,14,1,5/8/2018,41,Cash Dividend,EU,EU,1.5,,,,,,,118.6,1.0,,,,,,,,Standard,1,,2.5,,41_5/8/2018
13,14,14,1,5/2/2018,7,Cash Dividend,EU,EU,2.01,,,,,,,75.28,1.0,,,,,,,,Custom,0,,83.0,,7_5/2/2018
14,15,14,2,5/2/2018,7,Cash Dividend,EU,EU,0.19,,,,,,,75.28,1.0,,,,,,,,Custom,0,,83.0,,7_5/2/2018
15,16,20,6,5/3/2018,12,Cash Dividend,GB,GB,0.3775372,,,,,,,1947.995936,100.0,,,,,,,,Standard,0,,0.0,,12_5/3/2018
16,17,11,10,4/30/2019,617,Cash Dividend,GB,GB,30.0,,,,,,,1937.8,100.0,,,,,,,,Flat,0,,10.0,,617_4/30/2019
19,20,15,6,8/29/2018,662,Cash Dividend,JP,JP,2784.0,,,,,,,147200.0,1.0,11/19/2018,,147200.0,,1.0,,,Standard,0,,15.3153,,662_8/29/2018
24,25,10,7,2/26/2019,658,Cash Dividend,JP,JP,50.0,,,,,,,2172.0,1.0,8/15/2019,,2172.0,,1.0,,,Custom,1,,16.0,,658_2/26/2019
31,32,15,7,5/16/2018,876,Cash Dividend,SE,SE,10.0,,,,,,,317.8,1.0,,,,,,,,Standard,0,,30.0,,876_5/16/2018
36,37,10,2,3/7/2019,625,Special Cash Dividend,AU,AU,4.838571429,,,,,,,93.2629974,1.0,,,,,,100.0,10.0,Custom,0,,32.0,,625_3/7/2019
38,39,19,9,5/3/2018,12,Special Cash Dividend,GB,GB,0.8800399999999999,,,,,,,1947.995936,100.0,,,,,,,,Standard,0,,0.0,,12_5/3/2018
39,40,10,8,8/29/2018,662,Special Cash Dividend,JP,JP,300.0,,,,,,,1.0,1.0,11/19/2018,,147200.0,,1.0,,,Standard,0,,15.3153,,662_8/29/2018
40,42,10,5,4/30/2019,617,Stock Dividend,GB,GB,,,1.0,0.8296,,,,1937.8,100.0,,,,,,,,Flat,0,,10.0,,617_4/30/2019
44,46,10,7,9/5/2018,482,Rights Issue,AU,AU,,10.8,57.0,10.0,,,,12.06,1.0,,,,,,,,Custom,0,,32.0,,482_9/5/2018
51,53,20,5,2/26/2019,658,Stock Split,JP,JP,,,1.0,4.0,,,,3085.0,1.0,2/26/2019,,3085.0,,1.0,,,Custom,0,,18.0,,658_2/26/2019
52,54,19,8,5/16/2018,876,Stock Split,SE,SE,,,1.0,2.0,,,,317.8,1.0,,,,,,,,Standard,0,,30.0,,876_5/16/2018
