,Unnamed: 0,ExDate,IdentifierMappingID,EventType,EventCurrency,LocalCurrency,EventAmount,OfferPrice,TermOldShares,TermNewShares,SpunOffStock,SpunOffCash,BuybackShares,PriceExT1,FxExT1,PayDate,PayDatePrice,PayDatePriceT1,PayDateFx,PayDateFxT1,FrankingPercent,IncomePercent,WHTType,REIT,Comments,TaxRate,CombinedPay,CombinedEx
0,0,2018-11-12,90,Cash Dividend,AU,AU,1.1428571429,,,,,,,27.13,1.0,,,,,,100.0,20.0,Custom,0,,32.0,,90_2018-11-12
1,1,2019-05-13,90,Cash Dividend,AU,AU,1.1428571429,,,,,,,27.5,1.0,,,,,,100.0,0.0,Flat,0,,10.0,,90_2019-05-13
2,2,2018-05-22,194,Cash Dividend,AU,AU,0.045,,,,,,,3.53,1.0,,,,,,0.0,0.0,Flat,1,,10.0,,194_2018-05-22
3,3,2018-11-22,194,Cash Dividend,AU,AU,0.0673142857,,,,,,,3.8,1.0,,,,,,20.0,2.0,Standard,1,,28.0,,194_2018-11-22
4,4,2018-11-12,100,Cash Dividend,AU,AU,2.5646428571000004,,,,,,,123.64,1.0,,,,,,45.0,5.0,Standard,0,,30.0,,100_2018-11-12
5,5,2019-05-13,100,Cash Dividend,AU,AU,4.2942857143,,,,,,,124.63,1.0,,,,,,45.0,7.0,Custom,1,,34.0,,100_2019-05-13
