,Unnamed: 0,CAReqDetailID,CAInputID,ExDate,IdentifierMappingID,EventType,EventCurrency,LocalCurrency,EventAmount,OfferPrice,TermOldShares,TermNewShares,SpunOffStock,SpunOffCash,BuybackShares,PriceExT1,FxExT1,PayDate,PayDatePrice,PayDatePriceT1,PayDateFx,PayDateFxT1,FrankingPercent,IncomePercent,WHTType,REIT,Comments,TaxRate,CombinedPay,CombinedEx
25,26,11,1,6/28/2018,513,Cash Dividend,KR,KR,800.0,,,,,,,94200.0,1.0,8/14/2018,,94200.0,,1.0,,,Flat,0,,10.0,513_8/14/2018,
26,27,19,8,9/27/2018,513,Cash Dividend,KR,KR,800.0,,,,,,,69000.0,1.0,11/13/2018,,69000.0,,1.0,,,Standard,0,,22.0,513_11/13/2018,
27,28,10,2,12/27/2018,513,Cash Dividend,KR,KR,1200.0,,,,,,,93200.0,1.0,4/15/2019,,93200.0,,1.0,,,Custom,0,,62.0,513_4/15/2019,
28,29,11,9,3/28/2019,513,Cash Dividend,KR,KR,800.0,,,,,,,78300.0,1.0,5/14/2019,,78300.0,,1.0,,,Custom,1,,43.0,513_5/14/2019,
