,Unnamed: 0,CAInputID,ExDate,IdentifierMappingID,EventType,EventCurrency,LocalCurrency,EventAmount,OfferPrice,TermOldShares,TermNewShares,SpunOffStock,SpunOffCash,BuybackShares,PriceExT1,FxExT1,PayDate,PayDatePrice,PayDatePriceT1,PayDateFx,PayDateFxT1,FrankingPercent,IncomePercent,WHTType,REIT,Comments,TaxRate,CombinedPay,CombinedEx,Div_GTR_PAF,Div_NTR_PAF,Div_PR_PAF,Div_NSAF,SCR_GTR_NSAF,SCR_NTR_NSAF,SCR_NTR_PAF,AddC_GTR_CASH,AddC_NTR_CASH,AddC_PR_CASH,Handled_on_PayDate,Multiple_Case
0,0,7,11/12/2018,90,Cash Dividend,AU,AU,1.142857143,,,,,,,27.13,1.0,,,,,,100.0,20.0,Custom,0,,32.0,,90_11/12/2018,0.9578747827865831,-0.646253488700332,1.0,1.0,1.0439777912211752,-1.5473804280903471,1.0,1.142857143,44.662857148440004,0.0,No,No
1,1,8,5/13/2019,90,Cash Dividend,AU,AU,1.142857143,,,,,,,27.5,1.0,,,,,,100.0,0.0,Flat,0,,10.0,,90_5/13/2019,0.9584415584363636,0.5470129869563636,1.0,1.0,1.043360433609991,1.8281101616327295,1.0,1.142857143,12.457142858700001,0.0,No,No
2,2,8,5/22/2018,194,Cash Dividend,AU,AU,0.045,,,,,,,3.53,1.0,,,,,,0.0,0.0,Flat,1,,10.0,,194_5/22/2018,0.9872521246458924,0.9885269121813031,1.0,1.0,1.0129124820659972,1.0116062473133687,1.0,0.045,0.0405,0.0,No,No
3,3,4,11/22/2018,194,Cash Dividend,AU,AU,0.067314286,,,,,,,3.8,1.0,,,,,,20.0,2.0,Standard,1,,28.0,,194_11/22/2018,0.9822857142105262,0.8781257137684211,1.0,1.0,1.018033740624754,1.1387891099425425,1.0,0.067314286,0.4631222876800001,0.0,No,No
4,4,4,11/12/2018,100,Cash Dividend,AU,AU,2.564642857,,,,,,,123.64,1.0,,,,,,45.0,5.0,Standard,0,,30.0,,100_11/12/2018,0.979257175210288,0.6743376508015205,1.0,1.0,1.0211822035261142,1.4829366250147769,1.0,2.564642857,40.2648928549,0.0,No,No
5,5,3,5/13/2019,100,Cash Dividend,AU,AU,4.294285714,,,,,,,124.63,1.0,,,,,,45.0,7.0,Custom,1,,34.0,,100_5/13/2019,0.9655437237101822,0.3680718928447404,1.0,1.0,1.035685878789017,2.7168605357807603,1.0,4.294285714,78.75719999476,0.0,No,No
