,Unnamed: 0,CAReqDetailID,CAInputID,ExDate,IdentifierMappingID,EventType,EventCurrency,LocalCurrency,EventAmount,OfferPrice,TermOldShares,TermNewShares,SpunOffStock,SpunOffCash,BuybackShares,PriceExT1,FxExT1,PayDate,PayDatePrice,PayDatePriceT1,PayDateFx,PayDateFxT1,FrankingPercent,IncomePercent,WHTType,REIT,Comments,TaxRate,CombinedPay,CombinedEx
41,43,10,9,6/8/2018,342,Stock Dividend,HK,HK,,,10.0,1.0,,,,15.48,1.0,,,,,,,,Flat,0,,10.0,,342_6/8/2018
42,44,20,4,2/6/2019,883,Stock Dividend,US,US,,,1.0,2.0,,,,126.16,1.0,,,,,,,,Standard,0,,30.0,,883_2/6/2019
43,45,11,9,9/11/2018,791,Rights Issue,AU,AU,,2.5,17.0,1.0,,,,3.47,1.0,,,,,,,,Standard,0,,30.0,,791_9/11/2018
45,47,11,2,6/5/2018,230,Rights Issue,AU,EU,,81.0,23.0,2.0,,,,101.1,1.0,,,,,,,,Flat,0,,10.0,,230_6/5/2018
46,48,12,6,8/8/2019,850,Spin Off,EU,EU,,5.66,10.0,1.0,NDA.HE,0.0,,37.9,1.0,,,,,,,,Custom,0,,83.0,,850_8/8/2019
47,49,17,5,5/23/2019,326,Spin Off,US,US,,38.6,7.0,1.0,KTB.N,0.0,,84.09,1.0,,,,,,,,Custom,0,,67.0,,326_5/23/2019
48,50,19,7,5/2/2019,451,Stock Split,BR,BR,,,10.0,1.0,,,,41.56,1.0,,,,,,,,Standard,0,,0.0,,451_5/2/2019
49,51,15,2,4/3/2019,789,Stock Split,EU,EU,,,1.0,3.0,,,,97.86,1.0,,,,,,,,Custom,0,,83.0,,789_4/3/2019
50,52,18,1,6/5/2018,308,Stock Split,HK,HK,,,10.0,1.0,,,,46.95,1.0,,,,,,,,Custom,0,,5.0,,308_6/5/2018
53,55,10,3,5/23/2019,876,Stock Split,SE,SE,,,1.0,2.0,,,,220.25,1.0,,,,,,,,Custom,0,,34.0,,876_5/23/2019
54,56,13,6,3/12/2019,345,Stock Split,US,US,,,2.0,3.0,,,,83.4,1.0,,,,,,,,Standard,1,,33.5,,345_3/12/2019
55,57,20,4,6/28/2018,566,Stock Split,US,US,,,4.0,5.0,,,,90.42,1.0,,,,,,,,Custom,0,,67.0,,566_6/28/2018
56,58,16,6,12/11/2018,47,Stock Split,US,US,,,2.0,3.0,,,,38.23,1.0,,,,,,,,Custom,0,,67.0,,47_12/11/2018
57,59,18,1,10/26/2018,124,Stock Split,US,US,,,1.0,2.0,,,,106.54,1.0,,,,,,,,Standard,0,,30.0,,124_10/26/2018
