,AppliesToNextYear,CalendarMonth,ContractMonth,CreatedBy,CreatedDate,Date,Id,IndexVTId,InstrumentVTId,IsMarketContract,LastModifiedBy,LastModifiedDate,PotentialEligibleContract,TickerCode
0,,,,,0001-01-01T00:00:00,2018-02-06,0,,Cf:US:XX:26:J:18:NGXX:XXXX:XX,False,,,NGK18,
1,,,,,0001-01-01T00:00:00,2018-02-06,0,,Cf:US:XX:29:K:18:NGXX:XXXX:XX,False,,,NGM18,
2,,,,,0001-01-01T00:00:00,2018-02-06,0,,Cf:US:XX:27:M:18:NGXX:XXXX:XX,False,,,NGN18,
3,,,,,0001-01-01T00:00:00,2018-02-06,0,,Cf:US:XX:27:N:18:NGXX:XXXX:XX,False,,,NGQ18,
4,,,,,0001-01-01T00:00:00,2018-02-06,0,,Cf:US:XX:29:Q:18:NGXX:XXXX:XX,False,,,NGU18,
5,,,,,0001-01-01T00:00:00,2018-02-06,0,,Cf:US:XX:26:U:18:NGXX:XXXX:XX,False,,,NGV18,
6,,,,,0001-01-01T00:00:00,2018-02-06,0,,Cf:US:XX:29:V:18:NGXX:XXXX:XX,False,,,NGX18,
7,,,,,0001-01-01T00:00:00,2018-02-06,0,,Cf:US:XX:28:X:18:NGXX:XXXX:XX,False,,,NGZ18,
8,,,,,0001-01-01T00:00:00,2018-02-06,0,,Cf:US:XX:27:Z:18:NGXX:XXXX:XX,False,,,NGF19,
9,,,,,0001-01-01T00:00:00,2018-02-06,0,,Cf:US:XX:29:F:19:NGXX:XXXX:XX,False,,,NGG19,
10,,,,,0001-01-01T00:00:00,2018-02-06,0,,Cf:US:XX:26:J:18:NGXX:XXXX:XX,True,,,NGK18,
11,,,,,0001-01-01T00:00:00,2018-02-07,0,,Cf:US:XX:26:J:18:NGXX:XXXX:XX,False,,,NGK18,
12,,,,,0001-01-01T00:00:00,2018-02-07,0,,Cf:US:XX:29:K:18:NGXX:XXXX:XX,False,,,NGM18,
13,,,,,0001-01-01T00:00:00,2018-02-07,0,,Cf:US:XX:27:M:18:NGXX:XXXX:XX,False,,,NGN18,
14,,,,,0001-01-01T00:00:00,2018-02-07,0,,Cf:US:XX:27:N:18:NGXX:XXXX:XX,False,,,NGQ18,
15,,,,,0001-01-01T00:00:00,2018-02-07,0,,Cf:US:XX:29:Q:18:NGXX:XXXX:XX,False,,,NGU18,
16,,,,,0001-01-01T00:00:00,2018-02-07,0,,Cf:US:XX:26:U:18:NGXX:XXXX:XX,False,,,NGV18,
17,,,,,0001-01-01T00:00:00,2018-02-07,0,,Cf:US:XX:29:V:18:NGXX:XXXX:XX,False,,,NGX18,
18,,,,,0001-01-01T00:00:00,2018-02-07,0,,Cf:US:XX:28:X:18:NGXX:XXXX:XX,False,,,NGZ18,
19,,,,,0001-01-01T00:00:00,2018-02-07,0,,Cf:US:XX:27:Z:18:NGXX:XXXX:XX,False,,,NGF19,
20,,,,,0001-01-01T00:00:00,2018-02-07,0,,Cf:US:XX:29:F:19:NGXX:XXXX:XX,False,,,NGG19,
21,,,,,0001-01-01T00:00:00,2018-02-07,0,,Cf:US:XX:26:J:18:NGXX:XXXX:XX,True,,,NGK18,
