,FxRate,GenericInstrumentVTId,GenericTicker,IndexLevel,IndexVTId,OpenDate,Price,PriceDate,SettlementDate,SpecificInstrumentVTId,SpecificTicker
0,,Cf:US:XX:XX:X:XX:NG1X:XXXX:XX,NG1,,Ci:US:XX:XX:X:XX:CMNG:XXXX:CI,2018-02-07T00:00:00,2.758999999999999,2018-02-06T00:00:00,2018-02-26T00:00:00,Cf:US:XX:26:G:18:NGXX:XXXX:XX,NGH18 
1,,Cf:US:XX:XX:X:XX:NG1X:XXXX:XX,NG1,,Ci:US:XX:XX:X:XX:CMNG:XXXX:CI,2018-02-08T00:00:00,2.702,2018-02-07T00:00:00,2018-02-26T00:00:00,Cf:US:XX:26:G:18:NGXX:XXXX:XX,NGH18 
2,,Cf:US:XX:XX:X:XX:NG2X:XXXX:XX,NG2,,Ci:US:XX:XX:X:XX:CMNG:XXXX:CI,2018-02-07T00:00:00,2.722999999999999,2018-02-06T00:00:00,2018-03-27T00:00:00,Cf:US:XX:27:H:18:NGXX:XXXX:XX,NGJ18 
3,,Cf:US:XX:XX:X:XX:NG2X:XXXX:XX,NG2,,Ci:US:XX:XX:X:XX:CMNG:XXXX:CI,2018-02-08T00:00:00,2.692,2018-02-07T00:00:00,2018-03-27T00:00:00,Cf:US:XX:27:H:18:NGXX:XXXX:XX,NGJ18 
4,,Cf:US:XX:XX:X:XX:NG3X:XXXX:XX,NG3,,Ci:US:XX:XX:X:XX:CMNG:XXXX:CI,2018-02-07T00:00:00,2.734999999999999,2018-02-06T00:00:00,2018-04-26T00:00:00,Cf:US:XX:26:J:18:NGXX:XXXX:XX,NGK18 
5,,Cf:US:XX:XX:X:XX:NG3X:XXXX:XX,NG3,,Ci:US:XX:XX:X:XX:CMNG:XXXX:CI,2018-02-08T00:00:00,2.708,2018-02-07T00:00:00,2018-04-26T00:00:00,Cf:US:XX:26:J:18:NGXX:XXXX:XX,NGK18 
6,,Cf:US:XX:XX:X:XX:NG4X:XXXX:XX,NG4,,Ci:US:XX:XX:X:XX:CMNG:XXXX:CI,2018-02-07T00:00:00,2.769,2018-02-06T00:00:00,2018-05-29T00:00:00,Cf:US:XX:29:K:18:NGXX:XXXX:XX,NGM18 
7,,Cf:US:XX:XX:X:XX:NG4X:XXXX:XX,NG4,,Ci:US:XX:XX:X:XX:CMNG:XXXX:CI,2018-02-08T00:00:00,2.742999999999999,2018-02-07T00:00:00,2018-05-29T00:00:00,Cf:US:XX:29:K:18:NGXX:XXXX:XX,NGM18 
8,,Cf:US:XX:XX:X:XX:NG5X:XXXX:XX,NG5,,Ci:US:XX:XX:X:XX:CMNG:XXXX:CI,2018-02-07T00:00:00,2.81,2018-02-06T00:00:00,2018-06-27T00:00:00,Cf:US:XX:27:M:18:NGXX:XXXX:XX,NGN18 
9,,Cf:US:XX:XX:X:XX:NG5X:XXXX:XX,NG5,,Ci:US:XX:XX:X:XX:CMNG:XXXX:CI,2018-02-08T00:00:00,2.786,2018-02-07T00:00:00,2018-06-27T00:00:00,Cf:US:XX:27:M:18:NGXX:XXXX:XX,NGN18 
10,,Cf:US:XX:XX:X:XX:NG6X:XXXX:XX,NG6,,Ci:US:XX:XX:X:XX:CMNG:XXXX:CI,2018-02-07T00:00:00,2.814,2018-02-06T00:00:00,2018-07-27T00:00:00,Cf:US:XX:27:N:18:NGXX:XXXX:XX,NGQ18 
11,,Cf:US:XX:XX:X:XX:NG6X:XXXX:XX,NG6,,Ci:US:XX:XX:X:XX:CMNG:XXXX:CI,2018-02-08T00:00:00,2.790999999999999,2018-02-07T00:00:00,2018-07-27T00:00:00,Cf:US:XX:27:N:18:NGXX:XXXX:XX,NGQ18 
12,,Cf:US:XX:XX:X:XX:NG7X:XXXX:XX,NG7,,Ci:US:XX:XX:X:XX:CMNG:XXXX:CI,2018-02-07T00:00:00,2.798,2018-02-06T00:00:00,2018-08-29T00:00:00,Cf:US:XX:29:Q:18:NGXX:XXXX:XX,NGU18 
13,,Cf:US:XX:XX:X:XX:NG7X:XXXX:XX,NG7,,Ci:US:XX:XX:X:XX:CMNG:XXXX:CI,2018-02-08T00:00:00,2.775999999999999,2018-02-07T00:00:00,2018-08-29T00:00:00,Cf:US:XX:29:Q:18:NGXX:XXXX:XX,NGU18 
14,,Cf:US:XX:XX:X:XX:NG8X:XXXX:XX,NG8,,Ci:US:XX:XX:X:XX:CMNG:XXXX:CI,2018-02-07T00:00:00,2.819,2018-02-06T00:00:00,2018-09-26T00:00:00,Cf:US:XX:26:U:18:NGXX:XXXX:XX,NGV18 
15,,Cf:US:XX:XX:X:XX:NG8X:XXXX:XX,NG8,,Ci:US:XX:XX:X:XX:CMNG:XXXX:CI,2018-02-08T00:00:00,2.795999999999999,2018-02-07T00:00:00,2018-09-26T00:00:00,Cf:US:XX:26:U:18:NGXX:XXXX:XX,NGV18 
16,,Cf:US:XX:XX:X:XX:NG9X:XXXX:XX,NG9,,Ci:US:XX:XX:X:XX:CMNG:XXXX:CI,2018-02-07T00:00:00,2.863999999999999,2018-02-06T00:00:00,2018-10-29T00:00:00,Cf:US:XX:29:V:18:NGXX:XXXX:XX,NGX18 
17,,Cf:US:XX:XX:X:XX:NG9X:XXXX:XX,NG9,,Ci:US:XX:XX:X:XX:CMNG:XXXX:CI,2018-02-08T00:00:00,2.843,2018-02-07T00:00:00,2018-10-29T00:00:00,Cf:US:XX:29:V:18:NGXX:XXXX:XX,NGX18 
18,,Cf:US:XX:XX:X:XX:NG10:XXXX:XX,NG10,,Ci:US:XX:XX:X:XX:CMNG:XXXX:CI,2018-02-07T00:00:00,2.998,2018-02-06T00:00:00,2018-11-28T00:00:00,Cf:US:XX:28:X:18:NGXX:XXXX:XX,NGZ18
19,,Cf:US:XX:XX:X:XX:NG10:XXXX:XX,NG10,,Ci:US:XX:XX:X:XX:CMNG:XXXX:CI,2018-02-08T00:00:00,2.976,2018-02-07T00:00:00,2018-11-28T00:00:00,Cf:US:XX:28:X:18:NGXX:XXXX:XX,NGZ18
20,,Cf:US:XX:XX:X:XX:NG11:XXXX:XX,NG11,,Ci:US:XX:XX:X:XX:CMNG:XXXX:CI,2018-02-07T00:00:00,3.093,2018-02-06T00:00:00,2018-12-27T00:00:00,Cf:US:XX:27:Z:18:NGXX:XXXX:XX,NGF19
21,,Cf:US:XX:XX:X:XX:NG11:XXXX:XX,NG11,,Ci:US:XX:XX:X:XX:CMNG:XXXX:CI,2018-02-08T00:00:00,3.069,2018-02-07T00:00:00,2018-12-27T00:00:00,Cf:US:XX:27:Z:18:NGXX:XXXX:XX,NGF19
22,,Cf:US:XX:XX:X:XX:NG12:XXXX:XX,NG12,,Ci:US:XX:XX:X:XX:CMNG:XXXX:CI,2018-02-07T00:00:00,3.064,2018-02-06T00:00:00,2019-01-29T00:00:00,Cf:US:XX:29:F:19:NGXX:XXXX:XX,NGG19
23,,Cf:US:XX:XX:X:XX:NG12:XXXX:XX,NG12,,Ci:US:XX:XX:X:XX:CMNG:XXXX:CI,2018-02-08T00:00:00,3.044999999999999,2018-02-07T00:00:00,2019-01-29T00:00:00,Cf:US:XX:29:F:19:NGXX:XXXX:XX,NGG19
24,,Cf:US:XX:XX:X:XX:NG13:XXXX:XX,NG13,,Ci:US:XX:XX:X:XX:CMNG:XXXX:CI,2018-02-07T00:00:00,2.963,2018-02-06T00:00:00,2019-02-26T00:00:00,Cf:US:XX:26:G:19:NGXX:XXXX:XX,NGH19
25,,Cf:US:XX:XX:X:XX:NG13:XXXX:XX,NG13,,Ci:US:XX:XX:X:XX:CMNG:XXXX:CI,2018-02-08T00:00:00,2.948,2018-02-07T00:00:00,2019-02-26T00:00:00,Cf:US:XX:26:G:19:NGXX:XXXX:XX,NGH19
