,BusinessDay,CreatedBy,CreatedDate,CurrencyCode,CurrencyId,CutOffWeight,DailyUnitChange,Fee,FinalExposure,FundingRate,GenericInstrumentVTId,GenericTicker,IndexCalculationDates,IndexLevel,IndexLevelRebal,IndexName,IndexVTId,InterimCalculationId,IsActive,IsActiveLastRebal,LastModifiedBy,LastModifiedDate,Price,PriceDate,RebalanceDate,RebalancingTransactionCost,Signal,SpecificInstrumentVTId,SpecificTicker,SwitchRollFlag,Units,Weights
0,,System,2018-03-07T00:00:00,USD,146,,,,,,Cf:US:XX:XX:X:XX:NG1X:XXXX:XX,NG1 ,,49.29803284,,CVICCMNG,Ci:US:XX:XX:X:XX:CMNG:XXXX:CI,35612,TRUE,FALSE,System,2018-03-07T00:00:00,,2018-01-31T00:00:00,2017-12-29T00:00:00,,,Cf:US:XX:26:G:18:NGXX:XXXX:XX,NGH18,FALSE,,
1,,System,2018-03-07T00:00:00,USD,146,,,,,,Cf:US:XX:XX:X:XX:NG2X:XXXX:XX,NG2 ,,49.29803284,,CVICCMNG,Ci:US:XX:XX:X:XX:CMNG:XXXX:CI,35613,FALSE,FALSE,System,2018-03-07T00:00:00,,2018-01-31T00:00:00,2017-12-29T00:00:00,,,Cf:US:XX:27:H:18:NGXX:XXXX:XX,NGJ18 ,FALSE,,
2,,System,2018-03-07T00:00:00,USD,146,,,,,,Cf:US:XX:XX:X:XX:NG3X:XXXX:XX,NG3 ,,49.29803284,,CVICCMNG,Ci:US:XX:XX:X:XX:CMNG:XXXX:CI,35614,FALSE,TRUE,System,2018-03-07T00:00:00,,2018-01-31T00:00:00,2017-12-29T00:00:00,,,Cf:US:XX:26:J:18:NGXX:XXXX:XX,NGK18 ,FALSE,,
3,,System,2018-03-07T00:00:00,USD,146,,,,,,Cf:US:XX:XX:X:XX:NG4X:XXXX:XX,NG4 ,,49.29803284,,CVICCMNG,Ci:US:XX:XX:X:XX:CMNG:XXXX:CI,35615,FALSE,FALSE,System,2018-03-07T00:00:00,,2018-01-31T00:00:00,2017-12-29T00:00:00,,,Cf:US:XX:29:K:18:NGXX:XXXX:XX,NGM18 ,FALSE,,
4,,System,2018-03-07T00:00:00,USD,146,,,,,,Cf:US:XX:XX:X:XX:NG5X:XXXX:XX,NG5 ,,49.29803284,,CVICCMNG,Ci:US:XX:XX:X:XX:CMNG:XXXX:CI,35616,FALSE,FALSE,System,2018-03-07T00:00:00,,2018-01-31T00:00:00,2017-12-29T00:00:00,,,Cf:US:XX:27:M:18:NGXX:XXXX:XX,NGN18 ,FALSE,,
5,,System,2018-03-07T00:00:00,USD,146,,,,,,Cf:US:XX:XX:X:XX:NG6X:XXXX:XX,NG6 ,,49.29803284,,CVICCMNG,Ci:US:XX:XX:X:XX:CMNG:XXXX:CI,35617,FALSE,FALSE,System,2018-03-07T00:00:00,,2018-01-31T00:00:00,2017-12-29T00:00:00,,,Cf:US:XX:27:N:18:NGXX:XXXX:XX,NGQ18 ,FALSE,,
6,,System,2018-03-07T00:00:00,USD,146,,,,,,Cf:US:XX:XX:X:XX:NG7X:XXXX:XX,NG7 ,,49.29803284,,CVICCMNG,Ci:US:XX:XX:X:XX:CMNG:XXXX:CI,35618,FALSE,FALSE,System,2018-03-07T00:00:00,,2018-01-31T00:00:00,2017-12-29T00:00:00,,,Cf:US:XX:29:Q:18:NGXX:XXXX:XX,NGU18 ,FALSE,,
7,,System,2018-03-07T00:00:00,USD,146,,,,,,Cf:US:XX:XX:X:XX:NG8X:XXXX:XX,NG8 ,,49.29803284,,CVICCMNG,Ci:US:XX:XX:X:XX:CMNG:XXXX:CI,35619,FALSE,FALSE,System,2018-03-07T00:00:00,,2018-01-31T00:00:00,2017-12-29T00:00:00,,,Cf:US:XX:26:U:18:NGXX:XXXX:XX,NGV18 ,FALSE,,
8,,System,2018-03-07T00:00:00,USD,146,,,,,,Cf:US:XX:XX:X:XX:NG9X:XXXX:XX,NG9 ,,49.29803284,,CVICCMNG,Ci:US:XX:XX:X:XX:CMNG:XXXX:CI,35620,FALSE,FALSE,System,2018-03-07T00:00:00,,2018-01-31T00:00:00,2017-12-29T00:00:00,,,Cf:US:XX:29:V:18:NGXX:XXXX:XX,NGX18 ,FALSE,,
9,,System,2018-03-07T00:00:00,USD,146,,,,,,Cf:US:XX:XX:X:XX:NG10:XXXX:XX,NG10 ,,49.29803284,,CVICCMNG,Ci:US:XX:XX:X:XX:CMNG:XXXX:CI,35621,FALSE,FALSE,System,2018-03-07T00:00:00,,2018-01-31T00:00:00,2017-12-29T00:00:00,,,Cf:US:XX:28:X:18:NGXX:XXXX:XX,NGZ18,FALSE,,
10,,System,2018-03-07T00:00:00,USD,146,,,,,,Cf:US:XX:XX:X:XX:NG11:XXXX:XX,NG11 ,,49.29803284,,CVICCMNG,Ci:US:XX:XX:X:XX:CMNG:XXXX:CI,35622,FALSE,FALSE,System,2018-03-07T00:00:00,,2018-01-31T00:00:00,2017-12-29T00:00:00,,,Cf:US:XX:27:Z:18:NGXX:XXXX:XX,NGF19,FALSE,,
11,,System,2018-03-07T00:00:00,USD,146,,,,,,Cf:US:XX:XX:X:XX:NG12:XXXX:XX,NG12 ,,49.29803284,,CVICCMNG,Ci:US:XX:XX:X:XX:CMNG:XXXX:CI,35623,FALSE,FALSE,System,2018-03-07T00:00:00,,2018-01-31T00:00:00,2017-12-29T00:00:00,,,Cf:US:XX:29:F:19:NGXX:XXXX:XX,NGG19,FALSE,,
12,,System,2018-03-07T00:00:00,USD,146,,,,,,Cf:US:XX:XX:X:XX:NG13:XXXX:XX,NG13 ,,49.29803284,,CVICCMNG,Ci:US:XX:XX:X:XX:CMNG:XXXX:CI,35624,FALSE,FALSE,System,2018-03-07T00:00:00,,2018-01-31T00:00:00,2017-12-29T00:00:00,,,Cf:US:XX:26:G:19:NGXX:XXXX:XX,NGH19,FALSE,,
