,Center_Name,Date,Index,IsActualHoliday,Type_T
0,NYMEX Energy Market,2018-02-19,CVICCMNG,True,S
1,NYMEX Energy Market,2018-02-19,CVICCMNG,True,S
2,NYMEX Energy Market,2018-03-30,CVICCMNG,True,S
3,NYMEX Energy Market,2018-03-30,CVICCMNG,True,S
4,NYMEX Energy Market,2018-05-28,CVICCMNG,True,S
5,NYMEX Energy Market,2018-07-04,CVICCMNG,True,S
6,NYMEX Energy Market,2018-09-03,CVICCMNG,True,S
7,NYMEX Energy Market,2018-10-08,CVICCMNG,True,S
8,NYMEX Energy Market,2018-11-12,CVICCMNG,True,S
9,NYMEX Energy Market,2018-11-22,CVICCMNG,True,S
10,NYMEX Energy Market,2018-12-25,CVICCMNG,True,S
11,NYMEX Energy Market,2019-01-01,CVICCMNG,True,S
12,CBOT Agricultural Contracts (Floor Trading),2018-02-19,CVICCMNG,False,T
13,CBOT Agricultural Contracts (Floor Trading),2018-02-19,CVICCMNG,False,T
14,CBOT Agricultural Contracts (Floor Trading),2018-03-30,CVICCMNG,False,T
15,CBOT Agricultural Contracts (Floor Trading),2018-03-30,CVICCMNG,False,T
16,CBOT Agricultural Contracts (Floor Trading),2018-05-28,CVICCMNG,False,T
17,CBOT Agricultural Contracts (Floor Trading),2018-07-04,CVICCMNG,False,T
18,CBOT Agricultural Contracts (Floor Trading),2018-09-03,CVICCMNG,False,T
19,CBOT Agricultural Contracts (Floor Trading),2018-11-22,CVICCMNG,False,T
20,CBOT Agricultural Contracts (Floor Trading),2018-12-25,CVICCMNG,False,T
21,CBOT Agricultural Contracts (Floor Trading),2019-01-01,CVICCMNG,False,T
22,Kansas City Board of Trade,2018-02-19,CVICCMNG,False,T
23,Kansas City Board of Trade,2018-02-19,CVICCMNG,False,T
24,Kansas City Board of Trade,2018-03-30,CVICCMNG,False,T
25,Kansas City Board of Trade,2018-03-30,CVICCMNG,False,T
26,Kansas City Board of Trade,2018-05-28,CVICCMNG,False,T
27,Kansas City Board of Trade,2018-07-04,CVICCMNG,False,T
28,Kansas City Board of Trade,2018-09-03,CVICCMNG,False,T
29,Kansas City Board of Trade,2018-11-22,CVICCMNG,False,T
30,Kansas City Board of Trade,2018-12-25,CVICCMNG,False,T
31,Kansas City Board of Trade,2019-01-01,CVICCMNG,False,T
