,Unnamed: 0,ExDate,IdentifierMappingID,EventType,EventCurrency,LocalCurrency,EventAmount,OfferPrice,TermOldShares,TermNewShares,SpunOffStock,SpunOffCash,BuybackShares,PriceExT1,FxExT1,PayDate,PayDatePrice,PayDatePriceT1,PayDateFx,PayDateFxT1,FrankingPercent,IncomePercent,WHTType,REIT,Comments,TaxRate,CombinedPay,CombinedEx
8,8,2018-11-22,211,Cash Dividend,US,CA,0.33,,,,,,,66.62,0.7792,,,,,,,,Standard,1,,24.0,,211_2018-11-22
9,9,2019-03-14,94,Cash Dividend,US,CA,0.5,,,,,,,83.76,0.7804,,,,,,,,Standard,0,,25.0,,94_2019-03-14
11,11,2019-03-07,125,Cash Dividend,US,CA,0.36,,,,,,,73.2,0.7766,,,,,,,,Flat,0,,10.0,,125_2019-03-07
30,30,2018-12-17,422,Cash Dividend,US,EU,0.06,,,,,,,12.23,116.23852144600701,,,,,,,,custom,0,,83.0,,422_2018-12-17
31,31,2018-10-18,16,Cash Dividend,NO,NO,3.9,,,,,,,152.0,1.0,,,,,,,,Standard,1,,37.0,,16_2018-10-18
34,34,2018-05-01,2,Cash Dividend,US,US,0.22,,,,,,,41.49,1.0,,,,,,,,Standard,0,,30.0,,2_2018-05-01
35,35,2018-07-31,2,Cash Dividend,US,US,0.27,,,,,,,40.07,1.0,,,,,,,,Custom,0,,67.0,,2_2018-07-31
36,36,2018-10-30,2,Cash Dividend,US,US,0.27,,,,,,,36.16,1.0,,,,,,,,Flat,0,,10.0,,2_2018-10-30
